{
  "classic": {
    "tp": 5,
    "fp": 25,
    "fn": 13,
    "precision": 0.16666666666666666,
    "recall": 0.2777777777777778,
    "f1": 0.20833333333333334
  },
  "strict": {
    "tp": 0,
    "fp": 30,
    "fn": 18,
    "precision": 0.0,
    "recall": 0.0,
    "f1": 0.0
  },
  "category": "Opencode (grok-4-fast-non-reasoning)",
  "run": "opencode_grok-4-fast-non-reasoning_fault_bugs_20251125_175732_ses_5440d7490ffe3KYRfQkkRHdn1K"
}