{
  "classic": {
    "tp": 8,
    "fp": 2,
    "fn": 7,
    "precision": 0.8,
    "recall": 0.5333333333333333,
    "f1": 0.64
  },
  "strict": {
    "tp": 8,
    "fp": 2,
    "fn": 7,
    "precision": 0.8,
    "recall": 0.5333333333333333,
    "f1": 0.64
  },
  "category": "Raw LLM (grok-4-1-fast-non-reasoning)",
  "run": "grok-4-1-fast-non-reasoning_fault_bugs_20251128_225619_999ce972a755"
}