{
  "localization_classic": {
    "tp": 13,
    "fp": 0,
    "fn": 2,
    "precision": 1.0,
    "recall": 0.8666666666666667,
    "f1": 0.9285714285714286
  },
  "localization_strict": {
    "tp": 11,
    "fp": 2,
    "fn": 2,
    "precision": 0.8461538461538461,
    "recall": 0.8461538461538461,
    "f1": 0.8461538461538461
  }
}