{
  "classic": {
    "tp": 11,
    "fp": 0,
    "fn": 4,
    "precision": 1.0,
    "recall": 0.7333333333333333,
    "f1": 0.846153846153846
  },
  "strict": {
    "tp": 11,
    "fp": 0,
    "fn": 4,
    "precision": 1.0,
    "recall": 0.7333333333333333,
    "f1": 0.846153846153846
  },
  "category": "Raw LLM (grok-4-1-fast)",
  "run": "grok-4-1-fast_fault_bugs_20251128_223800_82a3467dc3bc"
}