{
  "localization_classic": {
    "tp": 11,
    "fp": 0,
    "fn": 4,
    "precision": 1.0,
    "recall": 0.7333333333333333,
    "f1": 0.846153846153846
  },
  "localization_strict": {
    "tp": 10,
    "fp": 1,
    "fn": 4,
    "precision": 0.9090909090909091,
    "recall": 0.7142857142857143,
    "f1": 0.8
  }
}