{
  "classic": {
    "tp": 9,
    "fp": 1,
    "fn": 9,
    "precision": 0.9,
    "recall": 0.5,
    "f1": 0.6428571428571429
  },
  "strict": {
    "tp": 7,
    "fp": 3,
    "fn": 11,
    "precision": 0.7,
    "recall": 0.3888888888888889,
    "f1": 0.5
  },
  "category": "Raw LLM (grok-4-fast-non-reasoning)",
  "run": "grok-4-fast-non-reasoning_fault_bugs_20251125_183450_72799143010b"
}