{
  "classic": {
    "tp": 9,
    "fp": 0,
    "fn": 9,
    "precision": 1.0,
    "recall": 0.5,
    "f1": 0.6666666666666666
  },
  "strict": {
    "tp": 8,
    "fp": 1,
    "fn": 10,
    "precision": 0.8888888888888888,
    "recall": 0.4444444444444444,
    "f1": 0.5925925925925926
  },
  "category": "Opencode (grok-4-1-fast)",
  "run": "opencode_grok-4-1-fast_fault_bugs_20251125_180110_ses_5440c700fffedHZPyyfoTzb9ZC"
}