{
  "classic": {
    "tp": 9,
    "fp": 3,
    "fn": 9,
    "precision": 0.75,
    "recall": 0.5,
    "f1": 0.6
  },
  "strict": {
    "tp": 7,
    "fp": 5,
    "fn": 11,
    "precision": 0.5833333333333334,
    "recall": 0.3888888888888889,
    "f1": 0.4666666666666666
  },
  "category": "Raw LLM (Grok)",
  "run": "grok_fault_bugs_20251124_231145"
}