{
  "classic": {
    "tp": 9,
    "fp": 2,
    "fn": 6,
    "precision": 0.8181818181818182,
    "recall": 0.6,
    "f1": 0.6923076923076923
  },
  "strict": {
    "tp": 8,
    "fp": 3,
    "fn": 7,
    "precision": 0.7272727272727273,
    "recall": 0.5333333333333333,
    "f1": 0.6153846153846153
  },
  "category": "Opencode (grok-4-1-fast-non-reasoning)",
  "run": "opencode_grok-4-1-fast-non-reasoning_fault_bugs_20251129_020415_ses_532dde09bffeb2kjiYVaPA15q9"
}