{
  "classic": {
    "tp": 5,
    "fp": 7,
    "fn": 13,
    "precision": 0.4166666666666667,
    "recall": 0.2777777777777778,
    "f1": 0.33333333333333337
  },
  "strict": {
    "tp": 2,
    "fp": 10,
    "fn": 16,
    "precision": 0.16666666666666666,
    "recall": 0.1111111111111111,
    "f1": 0.13333333333333333
  },
  "category": "Opencode (grok-4-1-fast-non-reasoning)",
  "run": "opencode_grok-4-1-fast-non-reasoning_fault_bugs_20251125_182751_ses_543f1ea3fffe6oXD1pZsQTUiON"
}