{
  "localization_classic": {
    "tp": 11,
    "fp": 0,
    "fn": 4,
    "precision": 1.0,
    "recall": 0.7333333333333333,
    "f1": 0.846153846153846
  },
  "localization_strict": {
    "tp": 8,
    "fp": 3,
    "fn": 4,
    "precision": 0.7272727272727273,
    "recall": 0.6666666666666666,
    "f1": 0.6956521739130435
  }
}