{
  "localization_classic": {
    "tp": 11,
    "fp": 0,
    "fn": 4,
    "precision": 1.0,
    "recall": 0.7333333333333333,
    "f1": 0.846153846153846
  },
  "localization_strict": {
    "tp": 6,
    "fp": 5,
    "fn": 4,
    "precision": 0.5454545454545454,
    "recall": 0.6,
    "f1": 0.5714285714285713
  }
}