{
  "classic": {
    "tp": 10,
    "fp": 0,
    "fn": 8,
    "precision": 1.0,
    "recall": 0.5555555555555556,
    "f1": 0.7142857142857143
  },
  "strict": {
    "tp": 6,
    "fp": 4,
    "fn": 12,
    "precision": 0.6,
    "recall": 0.3333333333333333,
    "f1": 0.42857142857142855
  },
  "category": "Raw LLM (grok-4-1-fast-non-reasoning)",
  "run": "grok-4-1-fast-non-reasoning_fault_bugs_20251125_183620_7d1b2f8976fb"
}