{
  "tp": 12,
  "fp": 10,
  "fn": 6,
  "precision": 0.5454545454545454,
  "recall": 0.6666666666666666,
  "f1": 0.6,
  "model": "Grok",
  "run": "grok_fault_bugs_20251123_135745"
}