{
  "classic": {
    "tp": 8,
    "fp": 6,
    "fn": 7,
    "precision": 0.5714285714285714,
    "recall": 0.5333333333333333,
    "f1": 0.5517241379310344
  },
  "strict": {
    "tp": 7,
    "fp": 7,
    "fn": 8,
    "precision": 0.5,
    "recall": 0.4666666666666667,
    "f1": 0.4827586206896552
  },
  "category": "Opencode (grok-4-1-fast)",
  "run": "opencode_grok-4-1-fast_fault_bugs_20251129_015454_ses_532e89049ffeyDrVPV4duLD6jf"
}