{
  "tp": 11,
  "fp": 3,
  "fn": 13,
  "precision": 0.7857142857142857,
  "recall": 0.4583333333333333,
  "f1": 0.5789473684210527,
  "model": "OpenAI",
  "run": "openai_fault_bugs_20251121_180912"
}