{
  "classic": {
    "tp": 12,
    "fp": 1,
    "fn": 6,
    "precision": 0.9230769230769231,
    "recall": 0.6666666666666666,
    "f1": 0.7741935483870968
  },
  "strict": {
    "tp": 9,
    "fp": 4,
    "fn": 9,
    "precision": 0.6923076923076923,
    "recall": 0.5,
    "f1": 0.5806451612903226
  },
  "category": "Opencode (gpt-5-1-codex)",
  "run": "opencode_gpt-5-1-codex_fault_bugs_20251127_161223_ses_53a2b0e95ffeZMzPdPNJ9fxK37"
}