{
  "classic": {
    "tp": 6,
    "fp": 3,
    "fn": 12,
    "precision": 0.6666666666666666,
    "recall": 0.3333333333333333,
    "f1": 0.4444444444444444
  },
  "strict": {
    "tp": 6,
    "fp": 3,
    "fn": 12,
    "precision": 0.6666666666666666,
    "recall": 0.3333333333333333,
    "f1": 0.4444444444444444
  },
  "category": "Raw LLM (Grok)",
  "run": "grok_fault_bugs_20251124_212137"
}