{
  "classic": {
    "tp": 11,
    "fp": 0,
    "fn": 7,
    "precision": 1.0,
    "recall": 0.6111111111111112,
    "f1": 0.7586206896551725
  },
  "strict": {
    "tp": 8,
    "fp": 3,
    "fn": 10,
    "precision": 0.7272727272727273,
    "recall": 0.4444444444444444,
    "f1": 0.5517241379310345
  },
  "category": "Opencode (Grok-4-1-fast)",
  "run": "opencode_grok-4-1-fast_fault_bugs_20251124_221012_ses_548b0169cffeg6XJW349LsCApV"
}