{
  "classic": {
    "tp": 8,
    "fp": 0,
    "fn": 7,
    "precision": 1.0,
    "recall": 0.5333333333333333,
    "f1": 0.6956521739130436
  },
  "strict": {
    "tp": 3,
    "fp": 5,
    "fn": 12,
    "precision": 0.375,
    "recall": 0.2,
    "f1": 0.26086956521739135
  },
  "category": "Raw LLM (gpt-5.1-codex-low-reasoning)",
  "run": "gpt-5.1-codex-low-reasoning_fault_bugs_20251128_231134_0042b3991c36"
}