model,runs,tp,fp,fn,precision,recall,f1
OpenAI,3,35,11,37,0.7608695652173914,0.4861111111111111,0.5932203389830508
Grok,3,27,17,45,0.6136363636363636,0.375,0.46551724137931033
