model,runs,tp,fp,fn,precision,recall,f1
Grok,2,24,20,12,0.5454545454545454,0.6666666666666666,0.6
OpenAI,2,22,23,14,0.4888888888888889,0.6111111111111112,0.5432098765432098
