{
  "true_positives": 14,
  "false_positives": 1,
  "false_negatives": 10,
  "precision": 0.9333333333333333,
  "recall": 0.5833333333333334,
  "f1": 0.7179487179487181
}