{
  "localization_classic": {
    "tp": 12,
    "fp": 0,
    "fn": 3,
    "precision": 1.0,
    "recall": 0.8,
    "f1": 0.888888888888889
  },
  "localization_strict": {
    "tp": 7,
    "fp": 5,
    "fn": 3,
    "precision": 0.5833333333333334,
    "recall": 0.7,
    "f1": 0.6363636363636365
  }
}