{
  "tp": 11,
  "fp": 12,
  "fn": 7,
  "precision": 0.4782608695652174,
  "recall": 0.6111111111111112,
  "f1": 0.5365853658536586,
  "model": "OpenAI",
  "run": "openai_fault_bugs_20251123_135653"
}