{
  "classic": {
    "tp": 12,
    "fp": 0,
    "fn": 3,
    "precision": 1.0,
    "recall": 0.8,
    "f1": 0.888888888888889
  },
  "strict": {
    "tp": 7,
    "fp": 5,
    "fn": 8,
    "precision": 0.5833333333333334,
    "recall": 0.4666666666666667,
    "f1": 0.5185185185185186
  },
  "category": "Raw LLM (gpt-5.1-codex)",
  "run": "gpt-5.1-codex_fault_bugs_20251128_233154_0042b3991c36"
}