{
  "classic": {
    "tp": 9,
    "fp": 0,
    "fn": 9,
    "precision": 1.0,
    "recall": 0.5,
    "f1": 0.6666666666666666
  },
  "strict": {
    "tp": 6,
    "fp": 3,
    "fn": 12,
    "precision": 0.6666666666666666,
    "recall": 0.3333333333333333,
    "f1": 0.4444444444444444
  },
  "category": "Raw LLM (grok-4-1-fast)",
  "run": "grok-4-1-fast_fault_bugs_20251125_183911_5f0a8b2db32a"
}