{
  "classic": {
    "tp": 9,
    "fp": 1,
    "fn": 9,
    "precision": 0.9,
    "recall": 0.5,
    "f1": 0.6428571428571429
  },
  "strict": {
    "tp": 8,
    "fp": 2,
    "fn": 10,
    "precision": 0.8,
    "recall": 0.4444444444444444,
    "f1": 0.5714285714285714
  },
  "category": "Opencode (grok-4-1-fast)",
  "run": "opencode_grok-4-1-fast_fault_bugs_20251125_182152_ses_543fa4a35ffe8EOmcDqSkQTcsg"
}