{
  "classic": {
    "tp": 12,
    "fp": 0,
    "fn": 3,
    "precision": 1.0,
    "recall": 0.8,
    "f1": 0.888888888888889
  },
  "strict": {
    "tp": 6,
    "fp": 6,
    "fn": 9,
    "precision": 0.5,
    "recall": 0.4,
    "f1": 0.4444444444444445
  },
  "category": "Raw LLM (gpt-5.1-codex)",
  "run": "gpt-5.1-codex_fault_bugs_20251128_231830_0042b3991c36"
}