{
  "localization_classic": {
    "tp": 12,
    "fp": 0,
    "fn": 3,
    "precision": 1.0,
    "recall": 0.8,
    "f1": 0.888888888888889
  },
  "localization_strict": {
    "tp": 6,
    "fp": 6,
    "fn": 3,
    "precision": 0.5,
    "recall": 0.6666666666666666,
    "f1": 0.5714285714285715
  }
}