{
  "classic": {
    "tp": 10,
    "fp": 2,
    "fn": 8,
    "precision": 0.8333333333333334,
    "recall": 0.5555555555555556,
    "f1": 0.6666666666666667
  },
  "strict": {
    "tp": 9,
    "fp": 3,
    "fn": 9,
    "precision": 0.75,
    "recall": 0.5,
    "f1": 0.6
  },
  "category": "Raw LLM (grok-4-fast-non-reasoning)",
  "run": "grok-4-fast-non-reasoning_fault_bugs_20251125_183436_72799143010b"
}