{
  "localization_classic": {
    "tp": 12,
    "fp": 0,
    "fn": 3,
    "precision": 1.0,
    "recall": 0.8,
    "f1": 0.888888888888889
  },
  "localization_strict": {
    "tp": 8,
    "fp": 4,
    "fn": 3,
    "precision": 0.6666666666666666,
    "recall": 0.7272727272727273,
    "f1": 0.6956521739130435
  }
}