{
  "classic": {
    "tp": 12,
    "fp": 0,
    "fn": 3,
    "precision": 1.0,
    "recall": 0.8,
    "f1": 0.888888888888889
  },
  "strict": {
    "tp": 8,
    "fp": 4,
    "fn": 7,
    "precision": 0.6666666666666666,
    "recall": 0.5333333333333333,
    "f1": 0.5925925925925926
  },
  "category": "Raw LLM (gpt-5.1-codex)",
  "run": "gpt-5.1-codex_fault_bugs_20251128_232448_0042b3991c36"
}