{
  "classic": {
    "tp": 7,
    "fp": 2,
    "fn": 11,
    "precision": 0.7777777777777778,
    "recall": 0.3888888888888889,
    "f1": 0.5185185185185185
  },
  "strict": {
    "tp": 3,
    "fp": 6,
    "fn": 15,
    "precision": 0.3333333333333333,
    "recall": 0.16666666666666666,
    "f1": 0.2222222222222222
  },
  "category": "Raw LLM (OpenAI)",
  "run": "openai_fault_bugs_20251124_212526"
}