{
  "classic": {
    "tp": 5,
    "fp": 5,
    "fn": 13,
    "precision": 0.5,
    "recall": 0.2777777777777778,
    "f1": 0.35714285714285715
  },
  "strict": {
    "tp": 4,
    "fp": 6,
    "fn": 14,
    "precision": 0.4,
    "recall": 0.2222222222222222,
    "f1": 0.2857142857142857
  },
  "category": "Opencode (grok-4-1-fast-non-reasoning)",
  "run": "opencode_grok-4-1-fast-non-reasoning_fault_bugs_20251125_182325_ses_543f5ef8fffea21u4RBWJl3Yh5"
}