{
  "classic": {
    "tp": 9,
    "fp": 1,
    "fn": 9,
    "precision": 0.9,
    "recall": 0.5,
    "f1": 0.6428571428571429
  },
  "strict": {
    "tp": 6,
    "fp": 4,
    "fn": 12,
    "precision": 0.6,
    "recall": 0.3333333333333333,
    "f1": 0.42857142857142855
  },
  "category": "Raw LLM (OpenAI)",
  "run": "openai_fault_bugs_20251124_231229"
}