{
  "classic": {
    "tp": 13,
    "fp": 0,
    "fn": 2,
    "precision": 1.0,
    "recall": 0.8666666666666667,
    "f1": 0.9285714285714286
  },
  "strict": {
    "tp": 10,
    "fp": 3,
    "fn": 5,
    "precision": 0.7692307692307693,
    "recall": 0.6666666666666666,
    "f1": 0.7142857142857142
  },
  "category": "Opencode (grok-4-1-fast)",
  "run": "opencode_grok-4-1-fast_fault_bugs_20251129_015837_ses_532e3f32affeqlB5BgVwafFZY5"
}