{
  "localization_classic": {
    "tp": 9,
    "fp": 0,
    "fn": 6,
    "precision": 1.0,
    "recall": 0.6,
    "f1": 0.7499999999999999
  },
  "localization_strict": {
    "tp": 8,
    "fp": 1,
    "fn": 6,
    "precision": 0.8888888888888888,
    "recall": 0.5714285714285714,
    "f1": 0.6956521739130435
  }
}