{
  "classic": {
    "tp": 14,
    "fp": 1,
    "fn": 4,
    "precision": 0.9333333333333333,
    "recall": 0.7777777777777778,
    "f1": 0.8484848484848485
  },
  "strict": {
    "tp": 12,
    "fp": 3,
    "fn": 6,
    "precision": 0.8,
    "recall": 0.6666666666666666,
    "f1": 0.7272727272727272
  },
  "category": "Opencode (GPT-5-1)",
  "run": "opencode_gpt-5-1_fault_bugs_20251124_221012_ses_54850caddffeQFcKZ7kuCEQT66"
}