{
  "classic": {
    "tp": 8,
    "fp": 0,
    "fn": 10,
    "precision": 1.0,
    "recall": 0.4444444444444444,
    "f1": 0.6153846153846153
  },
  "strict": {
    "tp": 6,
    "fp": 2,
    "fn": 12,
    "precision": 0.75,
    "recall": 0.3333333333333333,
    "f1": 0.46153846153846156
  },
  "category": "Raw LLM (OpenAI)",
  "run": "openai_fault_bugs_20251124_212631"
}