{
  "classic": {
    "tp": 6,
    "fp": 27,
    "fn": 12,
    "precision": 0.18181818181818182,
    "recall": 0.3333333333333333,
    "f1": 0.23529411764705885
  },
  "strict": {
    "tp": 0,
    "fp": 33,
    "fn": 18,
    "precision": 0.0,
    "recall": 0.0,
    "f1": 0.0
  },
  "category": "Opencode (grok-4-fast-non-reasoning)",
  "run": "opencode_grok-4-fast-non-reasoning_fault_bugs_20251125_175644_ses_5440e3b56ffen8ZGl1fSfYA5wV"
}