{
  "tp": 9,
  "fp": 4,
  "fn": 15,
  "precision": 0.6923076923076923,
  "recall": 0.375,
  "f1": 0.48648648648648646,
  "model": "Grok",
  "run": "grok_fault_bugs_20251121_184755"
}