{
  "classic": {
    "tp": 6,
    "fp": 2,
    "fn": 9,
    "precision": 0.75,
    "recall": 0.4,
    "f1": 0.5217391304347827
  },
  "strict": {
    "tp": 5,
    "fp": 3,
    "fn": 10,
    "precision": 0.625,
    "recall": 0.3333333333333333,
    "f1": 0.43478260869565216
  },
  "category": "Raw LLM (grok-4-1-fast-non-reasoning)",
  "run": "grok-4-1-fast-non-reasoning_fault_bugs_20251128_225607_999ce972a755"
}