{
  "tp": 13,
  "fp": 0,
  "fn": 2,
  "precision": 1.0,
  "recall": 0.8666666666666667,
  "f1": 0.9285714285714286
}