{
  "classic": {
    "tp": 10,
    "fp": 0,
    "fn": 8,
    "precision": 1.0,
    "recall": 0.5555555555555556,
    "f1": 0.7142857142857143
  },
  "strict": {
    "tp": 9,
    "fp": 1,
    "fn": 9,
    "precision": 0.9,
    "recall": 0.5,
    "f1": 0.6428571428571429
  },
  "category": "Opencode (Grok-4-1-fast)",
  "run": "opencode_grok-4-1-fast_fault_bugs_20251124_232250_ses_5480c8f3cffeKoQm0aX0z7YQZe"
}