{
  "classic": {
    "tp": 13,
    "fp": 5,
    "fn": 5,
    "precision": 0.7222222222222222,
    "recall": 0.7222222222222222,
    "f1": 0.7222222222222222
  },
  "strict": {
    "tp": 11,
    "fp": 7,
    "fn": 7,
    "precision": 0.6111111111111112,
    "recall": 0.6111111111111112,
    "f1": 0.6111111111111112
  },
  "category": "Opencode (gpt-5-1)",
  "run": "opencode_gpt-5-1_fault_bugs_20251125_183132_ses_543f091a2ffexchqQCSQnKvHy0"
}