{
  "tp": 11,
  "fp": 5,
  "fn": 13,
  "precision": 0.6875,
  "recall": 0.4583333333333333,
  "f1": 0.5499999999999999,
  "model": "OpenAI",
  "run": "openai_fault_bugs_20251121_172753"
}