{
  "classic": {
    "tp": 11,
    "fp": 1,
    "fn": 4,
    "precision": 0.9166666666666666,
    "recall": 0.7333333333333333,
    "f1": 0.8148148148148148
  },
  "strict": {
    "tp": 11,
    "fp": 1,
    "fn": 4,
    "precision": 0.9166666666666666,
    "recall": 0.7333333333333333,
    "f1": 0.8148148148148148
  },
  "category": "Opencode (grok-4-1-fast)",
  "run": "opencode_grok-4-1-fast_fault_bugs_20251129_014834_ses_532efa713ffeEeLGDq4OjfdhBm"
}