{
  "classic": {
    "tp": 11,
    "fp": 2,
    "fn": 7,
    "precision": 0.8461538461538461,
    "recall": 0.6111111111111112,
    "f1": 0.7096774193548387
  },
  "strict": {
    "tp": 8,
    "fp": 5,
    "fn": 10,
    "precision": 0.6153846153846154,
    "recall": 0.4444444444444444,
    "f1": 0.5161290322580646
  },
  "category": "Opencode (GPT-5-1)",
  "run": "opencode_gpt-5-1_fault_bugs_20251124_231816_ses_548108997ffePBKYCgv6MWd2Xq"
}