{
  "classic": {
    "tp": 13,
    "fp": 1,
    "fn": 5,
    "precision": 0.9285714285714286,
    "recall": 0.7222222222222222,
    "f1": 0.8125000000000001
  },
  "strict": {
    "tp": 10,
    "fp": 4,
    "fn": 8,
    "precision": 0.7142857142857143,
    "recall": 0.5555555555555556,
    "f1": 0.6250000000000001
  },
  "category": "Raw LLM (gpt-5.1-codex)",
  "run": "gpt-5.1-codex_fault_bugs_20251127_154317_ad325bbcbddb"
}