{
  "classic": {
    "tp": 12,
    "fp": 6,
    "fn": 6,
    "precision": 0.6666666666666666,
    "recall": 0.6666666666666666,
    "f1": 0.6666666666666666
  },
  "strict": {
    "tp": 7,
    "fp": 11,
    "fn": 11,
    "precision": 0.3888888888888889,
    "recall": 0.3888888888888889,
    "f1": 0.3888888888888889
  },
  "category": "Raw LLM (gpt-5.1)",
  "run": "gpt-5.1_fault_bugs_20251125_184255_0ece49c0d990"
}