{
  "classic": {
    "tp": 7,
    "fp": 4,
    "fn": 11,
    "precision": 0.6363636363636364,
    "recall": 0.3888888888888889,
    "f1": 0.4827586206896552
  },
  "strict": {
    "tp": 5,
    "fp": 6,
    "fn": 13,
    "precision": 0.45454545454545453,
    "recall": 0.2777777777777778,
    "f1": 0.3448275862068966
  },
  "category": "Opencode (grok-4-1-fast-non-reasoning)",
  "run": "opencode_grok-4-1-fast-non-reasoning_fault_bugs_20251125_182528_ses_543f45c84ffe6NgM8ltZELdozP"
}