{
  "classic": {
    "tp": 7,
    "fp": 4,
    "fn": 11,
    "precision": 0.6363636363636364,
    "recall": 0.3888888888888889,
    "f1": 0.4827586206896552
  },
  "strict": {
    "tp": 4,
    "fp": 7,
    "fn": 14,
    "precision": 0.36363636363636365,
    "recall": 0.2222222222222222,
    "f1": 0.27586206896551724
  },
  "category": "Opencode (grok-4-1-fast-non-reasoning)",
  "run": "opencode_grok-4-1-fast-non-reasoning_fault_bugs_20251125_182528_ses_543f45c84ffe6NgM8ltZELdozP"
}