{
  "classic": {
    "tp": 13,
    "fp": 5,
    "fn": 5,
    "precision": 0.7222222222222222,
    "recall": 0.7222222222222222,
    "f1": 0.7222222222222222
  },
  "strict": {
    "tp": 9,
    "fp": 9,
    "fn": 9,
    "precision": 0.5,
    "recall": 0.5,
    "f1": 0.5
  },
  "category": "Opencode (GPT-5-1)",
  "run": "opencode_gpt-5-1_fault_bugs_20251124_222654_ses_54842218affee45lJFQ1twFSMP"
}