{
  "classic": {
    "tp": 12,
    "fp": 3,
    "fn": 6,
    "precision": 0.8,
    "recall": 0.6666666666666666,
    "f1": 0.7272727272727272
  },
  "strict": {
    "tp": 10,
    "fp": 5,
    "fn": 8,
    "precision": 0.6666666666666666,
    "recall": 0.5555555555555556,
    "f1": 0.606060606060606
  },
  "category": "Raw LLM (grok-4-fast-non-reasoning)",
  "run": "grok-4-fast-non-reasoning_fault_bugs_20251125_183501_72799143010b"
}