{
  "classic": {
    "tp": 4,
    "fp": 5,
    "fn": 11,
    "precision": 0.4444444444444444,
    "recall": 0.26666666666666666,
    "f1": 0.33333333333333337
  },
  "strict": {
    "tp": 3,
    "fp": 6,
    "fn": 12,
    "precision": 0.3333333333333333,
    "recall": 0.2,
    "f1": 0.25
  },
  "category": "Opencode (grok-4-1-fast-non-reasoning)",
  "run": "opencode_grok-4-1-fast-non-reasoning_fault_bugs_20251129_020817_ses_532d99fdeffeJymv8bKRC3zNcO"
}