{
  "classic": {
    "tp": 11,
    "fp": 2,
    "fn": 7,
    "precision": 0.8461538461538461,
    "recall": 0.6111111111111112,
    "f1": 0.7096774193548387
  },
  "strict": {
    "tp": 7,
    "fp": 6,
    "fn": 11,
    "precision": 0.5384615384615384,
    "recall": 0.3888888888888889,
    "f1": 0.45161290322580644
  },
  "category": "Raw LLM (grok-4-1-fast)",
  "run": "grok-4-1-fast_fault_bugs_20251125_184058_5f0a8b2db32a"
}