{
  "tp": 10,
  "fp": 5,
  "fn": 14,
  "precision": 0.6666666666666666,
  "recall": 0.4166666666666667,
  "f1": 0.5128205128205129,
  "model": "Grok",
  "run": "grok_fault_bugs_20251121_172639"
}