{
  "localization_classic": {
    "tp": 9,
    "fp": 0,
    "fn": 6,
    "precision": 1.0,
    "recall": 0.6,
    "f1": 0.7499999999999999
  },
  "localization_strict": {
    "tp": 9,
    "fp": 0,
    "fn": 6,
    "precision": 1.0,
    "recall": 0.6,
    "f1": 0.7499999999999999
  }
}