{
  "classic": {
    "tp": 6,
    "fp": 0,
    "fn": 12,
    "precision": 1.0,
    "recall": 0.3333333333333333,
    "f1": 0.5
  },
  "strict": {
    "tp": 5,
    "fp": 1,
    "fn": 13,
    "precision": 0.8333333333333334,
    "recall": 0.2777777777777778,
    "f1": 0.4166666666666667
  },
  "category": "Opencode (Grok-4-1-fast)",
  "run": "opencode_grok-4-1-fast_fault_bugs_20251124_221012_ses_5488c92e5ffe03NA29EGnshrcU"
}