{
  "tp": 11,
  "fp": 0,
  "fn": 4,
  "precision": 1.0,
  "recall": 0.7333333333333333,
  "f1": 0.846153846153846
}