{
  "classic": {
    "tp": 7,
    "fp": 5,
    "fn": 8,
    "precision": 0.5833333333333334,
    "recall": 0.4666666666666667,
    "f1": 0.5185185185185186
  },
  "strict": {
    "tp": 6,
    "fp": 6,
    "fn": 9,
    "precision": 0.5,
    "recall": 0.4,
    "f1": 0.4444444444444445
  },
  "category": "Raw LLM (grok-4-1-fast-non-reasoning)",
  "run": "grok-4-1-fast-non-reasoning_fault_bugs_20251128_225628_999ce972a755"
}