{
  "classic": {
    "tp": 7,
    "fp": 1,
    "fn": 8,
    "precision": 0.875,
    "recall": 0.4666666666666667,
    "f1": 0.608695652173913
  },
  "strict": {
    "tp": 6,
    "fp": 2,
    "fn": 9,
    "precision": 0.75,
    "recall": 0.4,
    "f1": 0.5217391304347827
  },
  "category": "Raw LLM (gpt-5.1-codex-low-reasoning)",
  "run": "gpt-5.1-codex-low-reasoning_fault_bugs_20251128_231207_0042b3991c36"
}